player_id,Rank,Name,Team,Position,Tier,Expert Rank
9221,1,Jahmyr Gibbs,DET,RB,S,1.00
9509,2,Bijan Robinson,ATL,RB,S,2.25
8151,3,Kenneth Walker,KC,RB,S,3.38
9488,4,Jaxon Smith-Njigba,SEA,WR,S,3.50
7547,5,Amon-Ra St. Brown,DET,WR,A,5.75
6786,6,CeeDee Lamb,DAL,WR,A,6.50
7564,7,Ja'Marr Chase,CIN,WR,A,7.00
6813,8,Jonathan Taylor,IND,RB,A,7.63
9493,9,Puka Nacua,LAR,WR,A,8.75
4034,10,Christian McCaffrey,SF,RB,A,9.25
3198,11,Derrick Henry,BAL,RB,B,12.25
12527,12,Ashton Jeanty,LV,RB,B,12.88
8138,13,James Cook,BUF,RB,B,13.00
8144,14,Chris Olave,NO,WR,B,16.50
11604,15,Brock Bowers,LV,TE,B,16.63
9224,16,Chase Brown,CIN,RB,B,17.88
8150,17,Kyren Williams,LAR,RB,B,18.00
9997,18,Zay Flowers,BAL,WR,B,18.63
7569,19,Nico Collins,HOU,WR,C,18.88
8112,20,Drake London,ATL,WR,C,19.13
6794,21,Justin Jefferson,MIN,WR,C,19.38
8130,22,Trey McBride,ARI,TE,C,21.38
7588,23,Javonte Williams,DAL,RB,C,21.63
13242,24,Jeremiyah Love,ARI,RB,C,24.63
8146,25,Garrett Wilson,NYJ,WR,C,27.63
4984,26,Josh Allen,BUF,QB,C,28.13
12526,27,Tetairoa McMillan,CAR,WR,C,28.75
8137,28,George Pickens,DAL,WR,C,29.00
7594,29,Chuba Hubbard,CAR,RB,D,30.25
11632,30,Malik Nabers,NYG,WR,D,30.38
8167,31,Christian Watson,GB,WR,D,30.75
12490,32,Bhayshul Tuten,JAX,RB,D,31.50
6801,33,Tee Higgins,CIN,WR,D,33.25
9487,34,Parker Washington,JAX,WR,D,33.75
7525,35,DeVonta Smith,PHI,WR,D,35.50
6790,36,D'Andre Swift,CHI,RB,D,35.63
2133,37,Davante Adams,LAR,WR,D,36.13
7526,38,Jaylen Waddle,DEN,WR,D,37.38
8155,39,Breece Hall,NYJ,RB,D,38.13
8228,40,Jaylen Warren,PIT,RB,E,39.13
11584,41,Bucky Irving,TB,RB,E,40.75
12481,42,Cam Skattebo,NYG,RB,E,41.75
4217,43,George Kittle,SF,TE,E,45.00
10229,44,Rashee Rice,KC,WR,E,45.63
10232,45,Michael Wilson,ARI,WR,E,46.75
12519,46,Luther Burden,CHI,WR,E,47.50
12507,47,Omarion Hampton,LAC,RB,E,47.63
12512,48,Quinshon Judkins,CLE,RB,E,48.13
12501,49,Matthew Golden,GB,WR,E,48.50
4866,50,Saquon Barkley,PHI,RB,F,50.00
4881,51,Lamar Jackson,BAL,QB,F,53.50
4983,52,DJ Moore,BUF,WR,F,54.50
2216,53,Mike Evans,SF,WR,F,54.63
8148,54,Jameson Williams,DET,WR,F,58.25
11635,55,Ladd McConkey,LAC,WR,F,58.75
13265,56,Carnell Tate,TEN,WR,F,59.63
5859,57,A.J. Brown,NE,WR,F,61.75
7611,58,Rhamondre Stevenson,NE,RB,F,62.63
5892,59,David Montgomery,HOU,RB,F,63.13
8183,60,Brock Purdy,SF,QB,F,64.00
11646,61,Jalen Coker,CAR,WR,F,64.50
10859,62,Sam LaPorta,DET,TE,F,64.63
4046,63,Patrick Mahomes,KC,QB,F,65.38
3294,64,Dak Prescott,DAL,QB,G,67.63
9500,65,Josh Downs,IND,WR,G,67.75
12514,66,Emeka Egbuka,TB,WR,G,68.50
12518,67,Tyler Warren,IND,TE,G,68.63
6770,68,Joe Burrow,CIN,QB,G,69.38
5927,69,Terry McLaurin,WAS,WR,G,70.00
12529,70,TreVeyon Henderson,NE,RB,G,71.00
11620,71,Rome Odunze,CHI,WR,G,71.63
2449,72,Stefon Diggs,WAS,WR,G,71.75
5872,73,Deebo Samuel,SF,WR,G,71.88
4199,74,Aaron Jones,MIN,RB,G,72.63
13267,75,Denzel Boston,CLE,WR,G,73.13
10236,76,Dalton Kincaid,BUF,TE,G,74.63
2025001,77,Kyle Monangai,CHI,RB,G,76.50
12489,78,RJ Harvey,DEN,RB,G,77.88
5846,79,DK Metcalf,PIT,WR,H,77.88
1466,80,Travis Kelce,KC,TE,H,81.38
12517,81,Colston Loveland,CHI,TE,H,81.50
12495,82,Ollie Gordon II,MIA,RB,H,83.88
5967,83,Tony Pollard,TEN,RB,H,87.63
7523,84,Trevor Lawrence,JAX,QB,H,89.75
11560,85,Caleb Williams,CHI,QB,H,89.88
9756,86,Jordan Addison,MIN,WR,H,90.25
7543,87,Travis Etienne,NO,RB,H,91.75
13264,88,Jordyn Tyson,NO,WR,H,93.63
11586,89,Blake Corum,LAR,RB,H,93.88
9484,90,Tucker Kraft,GB,TE,H,94.38
13268,91,KC Concepcion,CLE,WR,H,97.63
3163,92,Jared Goff,DET,QB,H,97.63
2025013,93,Tyler Shough,NO,QB,H,97.63
7002,94,Juwan Johnson,NO,TE,H,98.13
12533,95,Jacory Croskey-Merritt,WAS,RB,H,98.50
4035,96,Alvin Kamara,NO,RB,I,101.00
7021,97,Rico Dowdle,PIT,RB,I,101.00
8408,98,Jordan Mason,MIN,RB,I,101.38
11624,99,Xavier Worthy,KC,WR,I,102.38
5947,100,Jakobi Meyers,JAX,WR,I,104.38
11564,101,Drake Maye,NE,QB,I,105.25
13266,102,Makai Lemon,PHI,WR,I,105.25
12506,103,Harold Fannin,CLE,TE,I,105.75
421,104,Matthew Stafford,LAR,QB,I,106.50
6904,105,Jalen Hurts,PHI,QB,I,107.38
11566,106,Jayden Daniels,WAS,QB,J,107.75
6806,107,J.K. Dobbins,DEN,RB,J,108.50
4037,108,Chris Godwin,TB,WR,J,108.88
8131,109,Isaiah Likely,NYG,TE,J,110.38
9228,110,Bryce Young,CAR,QB,J,111.00
8126,111,Wan'Dale Robinson,TEN,WR,J,112.38
6819,112,Michael Pittman,PIT,WR,J,113.13
13244,113,Jadarian Price,SEA,RB,J,115.13
8136,114,Rachaad White,WAS,RB,J,118.00
11576,115,Braelon Allen,NYJ,RB,J,118.13
5850,116,Josh Jacobs,GB,RB,J,118.13
8121,117,Romeo Doubs,NE,WR,J,118.75
5045,118,Courtland Sutton,DEN,WR,J,121.00
6804,119,Jordan Love,GB,QB,K,124.00
11435,120,Emanuel Wilson,SEA,RB,K,124.38
8142,121,Alec Pierce,IND,WR,K,125.29
13308,122,Kenyon Sadiq,NYJ,TE,K,127.13
9754,123,Quentin Johnston,LAC,WR,K,127.63
9753,124,Zach Charbonnet,SEA,RB,K,128.13
13364,125,Kaelon Black,SF,RB,K,128.50
11563,126,Bo Nix,DEN,QB,K,130.25
11631,127,Brian Thomas,JAX,WR,K,130.88
12474,128,Woody Marks,HOU,RB,K,132.75
11628,129,Marvin Harrison,ARI,WR,K,134.00
7567,130,Kenneth Gainwell,TB,RB,K,136.13
5022,131,Dallas Goedert,PHI,TE,K,136.38
6797,132,Justin Herbert,LAC,QB,K,137.00
1479,133,Keenan Allen,IND,WR,K,138.63
11610,134,Malik Washington,MIA,WR,K,140.75
11581,135,MarShawn Lloyd,GB,RB,K,141.38
9486,136,Dontayvion Wicks,PHI,WR,L,141.75
9511,137,Keaton Mitchell,LAC,RB,L,142.13
8132,138,Tyler Allgeier,ARI,RB,L,142.25
11637,139,Keon Coleman,BUF,WR,L,142.29
11834,140,Devaughn Vele,NO,WR,L,142.43
8110,141,Jake Ferguson,DAL,TE,L,144.50
8134,142,Khalil Shakir,BUF,WR,L,144.63
11625,143,Adonai Mitchell,NYJ,WR,L,145.88
5849,144,Kyler Murray,MIN,QB,L,146.25
5844,145,T.J. Hockenson,MIN,TE,L,147.00
13269,146,Chris Bell,MIA,WR,L,147.13
10219,147,Chris Rodriguez,JAX,RB,L,147.63
13253,148,Emmett Johnson,KC,RB,L,148.13
5001,149,Dalton Schultz,HOU,TE,L,148.50
10213,150,Tre Tucker,LV,WR,L,149.13
5012,151,Mark Andrews,BAL,TE,L,151.13
9758,152,C.J. Stroud,HOU,QB,L,152.00
12509,153,Tre Harris,LAC,WR,L,153.63
13243,154,Jonah Coleman,DEN,RB,L,154.63
11643,155,Jaylen Wright,MIA,RB,L,155.50
4663,156,Austin Ekeler,WAS,RB,L,158.00
4943,157,Sam Darnold,SEA,QB,L,158.25
13262,158,Mike Washington Jr.,LV,RB,L,158.63
13299,159,Caleb Douglas,MIA,WR,L,159.71
8154,160,Brian Robinson,ATL,RB,L,159.75
4018,161,Joe Mixon,,RB,L,161.00
9480,162,Brenton Strange,JAX,TE,L,161.63
7553,163,Kyle Pitts,ATL,TE,L,163.13
8676,164,Rashid Shaheed,SEA,WR,L,163.50
4892,165,Baker Mayfield,TB,QB,L,167.63
11583,166,Jonathon Brooks,CAR,RB,L,168.00
3214,167,Hunter Henry,NE,TE,L,170.88
1166,168,Kirk Cousins,LV,QB,L,174.25
3257,169,Jacoby Brissett,ARI,QB,L,174.38
9757,170,Kendre Miller,NO,RB,L,175.60
13275,171,Antonio Williams,WAS,WR,L,175.75
12487,172,Terrance Ferguson,LAR,TE,L,176.75
9225,173,Tank Bigsby,PHI,RB,L,177.86
9504,174,Kayshon Boutte,HOU,WR,L,178.63
11577,175,Will Shipley,PHI,RB,L,179.40
11370,176,Chris Brooks,GB,RB,L,179.75
4177,177,Mack Hollins,NE,WR,L,181.17
9508,178,Tyjae Spears,TEN,RB,L,181.63
13305,179,De'Zhaun Stribling,SF,WR,L,182.25
11603,180,AJ Barner,SEA,TE,L,182.38
11630,181,Roman Wilson,PIT,WR,L,183.50
12493,182,Oronde Gadsden,LAC,TE,L,184.88
13285,183,Ted Hurst,TB,WR,L,185.38
4017,184,Deshaun Watson,CLE,QB,L,186.25
3634,185,Kalif Raymond,CHI,WR,L,186.60
8210,186,Chig Okonkwo,WAS,TE,L,186.63
7528,187,Najee Harris,NYG,RB,L,187.86
7600,188,Pat Freiermuth,PIT,TE,L,187.88
13277,189,Omar Cooper Jr.,NYJ,WR,L,188.14
96,190,Aaron Rodgers,PIT,QB,L,188.75
6130,191,Devin Singletary,NYG,RB,L,189.00
9482,192,Michael Mayer,LV,TE,L,189.25
2505,193,Darren Waller,CAR,TE,L,189.86
11618,194,Jalen McMillan,TB,WR,L,190.57
4993,195,Mike Gesicki,CIN,TE,L,191.00
5870,196,Daniel Jones,IND,QB,L,192.00
7571,197,Rashod Bateman,BAL,WR,L,192.38
1373,198,Geno Smith,NYJ,QB,L,194.00
12504,199,Kaleb Johnson,GB,RB,L,194.00
13280,200,Malachi Fields,NYG,WR,L,194.63
11783,201,Ryan Flournoy,DAL,WR,L,195.43
13273,202,Ja'Kobi Lane,BAL,WR,L,196.00
11559,203,Michael Penix,ATL,QB,L,196.88
8180,204,Jalen Nailor,LV,WR,L,198.43
2025008,205,Jaylin Noel,HOU,WR,L,200.14
11575,206,Ray Davis,BUF,RB,L,201.00
7090,207,Darnell Mooney,NYG,WR,L,201.83
8161,208,Malik Willis,MIA,QB,L,202.63
12530,209,Travis Hunter,JAX,WR,L,202.86
9502,210,Tank Dell,HOU,WR,L,203.50
4147,211,Samaje Perine,CIN,RB,L,203.57
12535,212,Isaac TeSlaa,DET,WR,L,204.38
8207,213,Tyler Goodson,DAL,RB,M,206.00
7437,214,Kyle Williams,,WR,M,207.00
13245,215,Nicholas Singleton,TEN,RB,M,207.38
4981,216,Calvin Ridley,TEN,WR,M,208.50
8111,217,Cade Otton,TB,TE,M,209.25
13271,218,Germie Bernard,PIT,WR,M,209.38
12522,219,Cam Ward,TEN,QB,M,209.63
13274,220,Zachariah Branch,ATL,WR,M,210.25
3321,221,Tyreek Hill,,WR,M,210.67
13361,222,Jalon Daniels,TB,QB,M,211.00
6783,223,Jerry Jeudy,CLE,WR,M,211.38
9506,224,Sean Tucker,TB,RB,M,212.67
13378,225,Cyrus Allen,KC,WR,M,213.00
12502,226,Gunnar Helm,TEN,TE,M,213.13
8172,227,Greg Dulcich,MIA,TE,M,214.25
7049,228,Jauan Jennings,MIN,WR,M,214.57
13246,229,Kaytron Allen,WAS,RB,M,215.63
11627,230,Troy Franklin,DEN,WR,M,215.86
12469,231,Dylan Sampson,CLE,RB,M,218.13
12483,232,Jack Bech,LV,WR,M,218.38
8205,233,Isiah Pacheco,DET,RB,M,218.83
6931,234,DeeJay Dallas,MIN,RB,M,219.00
12048,235,George Holani,SEA,RB,M,219.33
12492,236,Pat Bryant,DEN,WR,M,219.43
11647,237,Kimani Vidal,LAC,RB,M,219.75
13370,238,Seth McGowan,IND,RB,M,220.20
13315,239,Eli Raridon,NE,TE,M,220.20
4066,240,Evan Engram,DEN,TE,M,221.63
12499,241,Elic Ayomanor,TEN,WR,M,222.33
13247,242,Demond Claiborne,MIN,RB,M,224.29
11651,243,Isaac Guerendo,SF,RB,M,225.00
8127,244,Charlie Kolar,LAC,TE,M,225.00
13272,245,Elijah Sarratt,BAL,WR,M,225.43
4039,246,Cooper Kupp,SEA,WR,M,225.50
13229,247,Fernando Mendoza,LV,QB,M,226.00
12455,248,Brashard Smith,KC,RB,M,227.67
11655,249,Tyrone Tracy,NYG,RB,M,228.00
8125,250,Calvin Austin,NYG,WR,M,230.00
4950,251,Christian Kirk,SF,WR,M,230.00
13276,252,Skyler Bell,BUF,WR,M,230.57
2306,253,Jameis Winston,NYG,QB,M,230.80
11650,254,Luke McCaffrey,WAS,WR,M,231.00
12497,255,Tory Horton,SEA,WR,M,231.50
11729,256,Sione Vaki,DET,RB,M,231.50
13312,257,Eli Stowers,PHI,TE,M,234.00
9501,258,DeMario Douglas,NE,WR,M,234.00
8188,259,Tyquan Thornton,KC,WR,M,234.17
12467,260,Jordan James,SF,RB,M,234.43
6768,261,Tua Tagovailoa,ATL,QB,M,235.63
12540,262,Chimere Dike,TEN,WR,M,235.67
12457,263,Jaydon Blue,PHI,RB,M,235.80
12485,264,Tez Johnson,TB,WR,M,236.00
11608,265,Isaiah Williams,NYJ,WR,M,236.00
10235,266,Roschon Johnson,CHI,RB,M,237.00
11199,267,Emari Demercado,DAL,RB,M,237.25
5995,268,Justice Hill,BAL,RB,M,237.25
13369,269,Adam Randall,BAL,RB,M,237.75
11256,270,Tyson Bagent,CHI,QB,M,238.00
10226,271,Andrei Iosivas,CIN,WR,M,239.83
4137,272,James Conner,ARI,RB,M,240.29
4033,273,David Njoku,LAC,TE,M,241.67
6039,274,Ty Johnson,BUF,RB,M,241.75
6826,275,Cole Kmet,CHI,TE,M,243.33
6865,276,Colby Parkinson,LAR,TE,M,243.40
2307,277,Marcus Mariota,WAS,QB,M,245.60
6803,278,Brandon Aiyuk,SF,WR,M,245.60
9479,279,Darnell Washington,PIT,TE,M,245.63
1339,280,Zach Ertz,PHI,TE,M,246.00
11589,281,Trey Benson,ARI,RB,M,246.67
13309,282,Max Klare,LAR,TE,M,247.33
12471,283,DJ Giddens,IND,RB,M,247.50
6149,284,Darius Slayton,IND,WR,M,248.60
11571,285,Isaiah Davis,NYJ,RB,M,248.75
7670,286,Joshua Palmer,BUF,WR,M,249.00
12524,287,Shedeur Sanders,CLE,QB,N,249.75
11597,288,Theo Johnson,NYG,TE,N,249.83
13284,289,Bryce Lance,NO,WR,N,250.00
12498,290,Mason Taylor,NYJ,TE,N,251.40
9229,291,Anthony Richardson,IND,QB,N,252.00
11626,292,Xavier Legette,CAR,WR,N,253.00
11565,293,J.J. McCarthy,NYG,QB,N,253.33
12718,294,Konata Mumpfield,LAR,WR,N,253.67
10444,295,Cedric Tillman,NO,WR,N,254.00
2025002,296,LeQuint Allen,JAX,RB,N,254.25
3161,297,Carson Wentz,MIN,QB,N,254.50
4454,298,Kendrick Bourne,ARI,WR,N,255.50
7527,299,Mac Jones,SF,QB,N,256.25
8698,300,Jake Tonges,SF,TE,N,258.00
5848,301,Hollywood Brown,PHI,WR,N,258.00
3286,302,Demarcus Robinson,SF,WR,N,258.33
13235,303,Carson Beck,ARI,QB,N,259.33
5854,304,Drew Lock,SEA,QB,N,260.00
5857,305,Noah Fant,NO,TE,N,264.00
3271,306,Tyler Higbee,LAR,TE,N,268.00
12476,307,Devin Neal,,RB,N,269.50
4574,308,Cooper Rush,ATL,QB,N,270.00
12521,309,Elijah Arroyo,SEA,TE,N,270.33
5906,310,Dawson Knox,BUF,TE,N,273.67
6271,311,Olamide Zaccheaus,ATL,WR,N,275.00
11600,312,Ja'Tavion Sanders,CAR,TE,N,275.33
2025010,313,Jaylin Lane,WAS,WR,N,276.50
13307,314,Zavion Thomas,CHI,WR,N,277.50
13311,315,Oscar Delp,NO,TE,N,277.50
7591,316,Justin Fields,KC,QB,N,278.33
12541,317,Dont'e Thornton Jr.,LV,WR,N,278.50
7828,318,Noah Gray,KC,TE,N,280.33
12503,319,Isaiah Bond,CLE,WR,N,280.50
2025007,320,Trevor Etienne,CAR,RB,N,282.50
11569,321,Jarquez Hunter,MIA,RB,N,283.00
8135,322,Treylon Burks,WAS,WR,N,286.33
8143,323,Jerome Ford,,RB,N,288.50
8117,324,Jalen Tolbert,MIA,WR,N,288.67
13316,325,Justin Joly,MIA,TE,N,290.00
2025006,326,Tahj Brooks,CIN,RB,N,290.50
9494,327,Marvin Mims,DEN,WR,N,292.00
12472,328,Raheim Sanders,CLE,RB,N,295.50
13236,329,Drew Allar,PIT,QB,N,296.25
13233,330,Cade Klubnik,NYJ,QB,N,296.25
2025009,331,Kyle Williams,NE,WR,N,296.50
7562,332,Tutu Atwell,LAR,WR,N,299.33
13231,333,Ty Simpson,LAR,QB,N,299.33
11439,334,Jaleel McLaughlin,CLE,RB,N,299.50
10871,335,Luke Schoonmaker,DAL,TE,N,305.67
11623,336,Jordan Whittington,LAR,WR,N,307.00
11579,337,Audric Estime,MIN,RB,N,308.50
13286,338,Brenen Thompson,LAC,WR,N,312.50
8129,339,Dameon Pierce,PHI,RB,N,313.50
12482,340,Savion Williams,GB,WR,N,315.00
10218,341,Xavier Hutchinson,HOU,WR,N,317.50
13294,342,Kevin Coleman Jr.,MIA,WR,N,318.50
8119,343,Jahan Dotson,ATL,WR,N,319.33
8917,344,KaVontae Turpin,DAL,WR,N,320.50
7496,345,Nick Westbrook-Ikhine,IND,WR,N,322.00
9481,346,Luke Musgrave,GB,TE,N,322.00
4098,347,Kareem Hunt,,RB,N,323.50
6427,348,Ashton Dulin,IND,WR,N,324.00
13331,349,Eli Heidenreich,PIT,RB,N,326.50
19,350,Joe Flacco,CIN,QB,N,327.00
11629,351,Devontez Walker,BAL,WR,N,328.50
7587,352,Dyami Brown,WAS,WR,N,332.00
5970,353,Greg Dortch,BUF,WR,N,333.00
11588,354,Jawhar Jordan,HOU,RB,N,335.50
2025022,355,Theo Wease Jr.,LAC,WR,N,336.00
4054,356,Mo Alie-Cox,IND,TE,N,337.50
12470,357,Riley Leonard,IND,QB,N,338.50
1426,358,DeAndre Hopkins,,WR,N,339.50
6011,359,Gardner Minshew,ARI,QB,N,342.00
4040,360,JuJu Smith-Schuster,,WR,N,343.00
4381,361,Taysom Hill,,TE,N,344.00
827,362,Tyrod Taylor,GB,QB,N,344.50
8122,363,Zonovan Knight,ARI,RB,N,345.00